전철역명,호선,X좌표,Y좌표,X좌표(WGS),Y좌표(WGS)
종로3가,1,498060,1130332,37.571607,126.991806
동대문,1,502155,1130180,37.57142,127.009745
서울,1,493365,1125595,37.554648,126.972559
신도림,1,475755,1112937,37.508725,126.891295
시청,1,494587,1128532,37.564718,126.977108
신설동,1,505342,1131412,37.575297,127.025087
종로3가,1,498060,1130332,37.571607,126.991806
광운대,1,513467,1144785,37.623632,127.061835
신길,1,481420,1115205,37.517122,126.917169
종로3가,1,498060,1130332,37.571607,126.991806
동묘앞,1,503422,1130557,37.572627,127.016429
석계,1,514452,1142315,37.614805,127.065851
도봉산,1,510065,1163090,37.689313,127.046222
금정,1,487357,1075022,37.372221,126.943429
수원,1,499747,1045517,37.265974,126.999874
회기,1,512662,1135362,37.58946,127.057583
회룡,1,510190,1172670,37.724846,127.046895
창동,1,510370,1153032,37.653166,127.047731
가산디지털단지,1,473861,1105307,37.481072,126.882343
온수,1,460825,1108360,37.492258,126.823388
부평,1,438837,1107772,37.489493,126.724805
주안,1,429187,1100850,37.464941,126.679923
인천,1,415080,1103977,37.476691,126.616936
청량리,1,510002,1132640,37.580178,127.046835
회기,1,512662,1135362,37.58946,127.057583
신설동,1,505342,1131412,37.575297,127.025087
청량리,1,510002,1132640,37.580178,127.046835
용산,1,491977,1118732,37.529849,126.964561
종각,1,496085,1129940,37.570161,126.982923
종로5가,1,500162,1130132,37.570926,127.001849
동대문,1,502155,1130180,37.57142,127.009745
신설동,1,505342,1131412,37.575297,127.025087
제기동,1,507552,1132159,37.578103,127.034893
청량리,1,510002,1132640,37.580178,127.046835
동묘앞,1,503422,1130557,37.572627,127.016429
용산,1,491977,1118732,37.529849,126.964561
풍기,1,,,,
성균관대,1,493610,1054955,37.300349,126.97075
구일,1,471027,1109500,37.496756,126.870793
서울,1,493365,1125595,37.554648,126.972559
시청,1,494587,1128532,37.564718,126.977108
신도림,1,475755,1112937,37.508725,126.891295
창동,1,510370,1153032,37.653166,127.047731
남영,1,493462,1122025,37.541021,126.9713
노량진,1,487327,1114430,37.514219,126.942454
대방,1,483645,1114340,37.513342,126.926382
영등포,1,479375,1114790,37.515504,126.907628
회기,1,512662,1135362,37.58946,127.057583
외대앞,1,513900,1137147,37.596073,127.063549
신이문,1,514704,1138814,37.601854,127.067325
석계,1,514452,1142315,37.614805,127.065851
광운대,1,513467,1144785,37.623632,127.061835
월계,1,512815,1147432,37.633212,127.058831
녹천,1,511557,1150497,37.644799,127.051269
신길,1,481420,1115205,37.517122,126.917169
봉명,1,530135,916612,36.801215,127.135763
쌍용(나사렛대),1,526835,914512,36.793759,127.1214
아산,1,523035,914062,36.792053,127.104361
탕정,1,,,,
배방,1,511635,910112,36.777629,127.052991
온양온천,1,500535,910912,36.780483,127.003249
신창,1,489035,907912,36.769502,126.951108
금정,1,487357,1075022,37.372221,126.943429
구로,1,473665,1111027,37.503039,126.881966
가산디지털단지,1,473861,1105307,37.481072,126.882343
금천구청,1,476450,1098232,37.455626,126.89398
석수,1,478195,1092480,37.435047,126.902295
관악,1,479698,1088013,37.419232,126.908706
안양,1,482735,1083190,37.401592,126.922874
명학,1,485522,1078495,37.384653,126.935433
군포,1,488327,1069692,37.35356,126.948462
의왕,1,488252,1060692,37.320852,126.948217
화서,1,497490,1050557,37.283862,126.989627
수원,1,499747,1045517,37.265974,126.999874
독산,1,475327,1101222,37.466613,126.889249
세류,1,502825,1039400,37.245025,127.013222
병점,1,507147,1029150,37.207503,127.032731
세마,1,509427,1023707,37.187533,127.04318
오산대,1,513750,1018710,37.168953,127.063197
오산,1,514562,1011910,37.145885,127.06672
진위,1,513662,1002210,37.109447,127.062278
송탄,1,511847,992717,37.075696,127.054301
서정리,1,511607,987472,37.056496,127.052819
지제,1,515467,977022,37.0188,127.070444
평택,1,518805,969180,36.990726,127.085159
성환,1,528022,948422,36.916076,127.126964
직산,1,531832,935982,36.870593,127.143904
두정,1,533047,925610,36.833705,127.14896
천안,1,532535,919162,36.810005,127.146826
당정,1,488329,1067092,37.344285,126.948345
서동탄,1,511347,1026050,37.195504,127.051672
광명,1,474465,1087601,37.416182,126.884466
개봉,1,468537,1109170,37.494594,126.85868
오류동,1,465445,1108947,37.494526,126.845365
역곡,1,458312,1106430,37.485178,126.811502
부천,1,451774,1106150,37.48405,126.782686
송내,1,445200,1107120,37.4876,126.753664
부평,1,438837,1107772,37.489493,126.724805
백운,1,435164,1105969,37.483664,126.707704
동암,1,434192,1102477,37.471408,126.702896
주안,1,429187,1100850,37.464941,126.679923
제물포,1,424050,1101375,37.466769,126.656666
동인천,1,418562,1103812,37.475276,126.632802
인천,1,415080,1103977,37.476691,126.616936
부개,1,442407,1107372,37.488418,126.74109
간석,1,432214,1100821,37.464737,126.694181
도원,1,420742,1101893,37.468446,126.642706
온수,1,460825,1108360,37.492258,126.823388
중동,1,447750,1106820,37.486562,126.764843
도화,1,426550,1101115,37.46607,126.668672
소사,1,454610,1105667,37.482753,126.79544
방학,1,509602,1157006,37.667503,127.044273
도봉,1,509890,1160207,37.679563,127.045595
도봉산,1,510065,1163090,37.689313,127.046222
망월사,1,510207,1168925,37.709914,127.047455
회룡,1,510190,1172670,37.724846,127.046895
의정부,1,509950,1176650,37.738415,127.045958
가능,1,509550,1179510,37.748577,127.044213
녹양,1,509151,1182411,37.75938,127.042292
양주,1,509651,1186511,37.774381,127.044708
덕계,1,512355,1198910,37.818486,127.056486
덕정,1,513355,1205710,37.843188,127.061277
지행,1,512155,1219310,37.892334,127.055716
동두천중앙,1,512255,1222010,37.901885,127.056482
보산,1,512355,1225370,37.913702,127.057277
동두천,1,511905,1229110,37.927878,127.05479
소요산,1,513255,1235010,37.9481,127.061034
동대문역사문화공원,2,501555,1128600,37.565138,127.007896
신도림,2,475755,1112937,37.508725,126.891295
왕십리,2,508015,1127512,37.561533,127.037732
시청,2,494587,1128532,37.564718,126.977108
교대,2,502900,1108655,37.493415,127.01408
신설동,2,505342,1131412,37.575297,127.025087
강변,2,520755,1120262,37.535095,127.094681
까치산,2,466017,1119387,37.531768,126.846683
을지로3가,2,497895,1128945,37.566295,126.99191
홍대입구,2,483315,1126247,37.557192,126.925381
영등포구청,2,476875,1117441,37.52497,126.895951
을지로4가,2,499460,1129122,37.566941,126.998079
합정,2,480875,1124362,37.549463,126.913739
신당,2,503765,1128712,37.565972,127.01782
왕십리,2,508015,1127512,37.561533,127.037732
종합운동장,2,516222,1113652,37.510997,127.073642
사당,2,495760,1104005,37.47653,126.981685
건대입구,2,515365,1121815,37.540693,127.07023
대림,2,476705,1108675,37.49297,126.895801
잠실,2,522390,1114282,37.51395,127.102234
당산,2,478290,1120184,37.53438,126.902281
강남,2,506032,1109640,37.497175,127.027926
왕십리,2,508015,1127512,37.561533,127.037732
선릉,2,510742,1111880,37.504503,127.049008
충정로,2,491842,1127227,37.559973,126.963672
동대문역사문화공원,2,501555,1128600,37.565138,127.007896
신설동,2,505342,1131412,37.575297,127.025087
홍대입구,2,483315,1126247,37.557192,126.925381
신설동,2,505342,1131412,37.575297,127.025087
을지로입구,2,495832,1128752,37.566014,126.982618
을지로3가,2,497895,1128945,37.566295,126.99191
을지로4가,2,499460,1129122,37.566941,126.998079
시청,2,494587,1128532,37.564718,126.977108
동대문역사문화공원,2,501555,1128600,37.565138,127.007896
신당,2,503765,1128712,37.565972,127.01782
상왕십리,2,506303,1128363,37.564354,127.029354
왕십리,2,508015,1127512,37.561533,127.037732
한양대,2,509450,1125912,37.555273,127.043655
뚝섬,2,510281,1123615,37.547184,127.047367
성수,2,512172,1122866,37.544581,127.055961
건대입구,2,515365,1121815,37.540693,127.07023
구의,2,518867,1120790,37.537077,127.085916
잠실나루,2,522630,1116225,37.520733,127.10379
잠실,2,522390,1114282,37.51395,127.102234
잠실새내,2,518955,1113730,37.511687,127.086162
종합운동장,2,516222,1113652,37.510997,127.073642
삼성,2,513737,1113012,37.508844,127.06316
선릉,2,510742,1111880,37.504503,127.049008
역삼,2,507992,1110605,37.500622,127.036456
강남,2,506032,1109640,37.497175,127.027926
서초,2,501595,1108160,37.491897,127.007917
방배,2,499277,1105368,37.481426,126.997596
사당,2,495760,1104005,37.47653,126.981685
낙성대,2,491805,1104272,37.47693,126.963693
서울대입구,2,489440,1105242,37.481247,126.952739
봉천,2,486905,1105552,37.482362,126.941892
신림,2,484275,1105992,37.484201,126.929715
신대방,2,480562,1107052,37.487462,126.913149
구로디지털단지,2,478070,1106435,37.485266,126.901401
대림,2,476705,1108675,37.49297,126.895801
신도림,2,475755,1112937,37.508725,126.891295
문래,2,476561,1115505,37.517933,126.89476
영등포구청,2,476875,1117441,37.52497,126.895951
당산,2,478290,1120184,37.53438,126.902281
합정,2,480875,1124362,37.549463,126.913739
홍대입구,2,483315,1126247,37.557192,126.925381
신촌,2,485922,1125867,37.555134,126.936893
이대,2,487955,1126182,37.556733,126.946013
아현,2,490052,1126335,37.557345,126.956141
충정로,2,491842,1127227,37.559973,126.963672
용답,2,511015,1127677,37.561904,127.050899
신답,2,510310,1129987,37.57004,127.046481
도림천,2,473827,1114450,37.514287,126.882768
양천구청,2,470185,1113852,37.512398,126.865819
신정네거리,2,467370,1116015,37.520074,126.852912
용두,2,508200,1131077,37.574028,127.038091
교대,2,502900,1108655,37.493415,127.01408
까치산,2,466017,1119387,37.531768,126.846683
가락시장,3,525992,1108579,37.492522,127.118234
종로3가,3,498060,1130332,37.571607,126.991806
오금,3,528137,1111147,37.502162,127.128111
충무로,3,498550,1127582,37.561243,126.99428
교대,3,502900,1108655,37.493415,127.01408
종로3가,3,498060,1130332,37.571607,126.991806
을지로3가,3,497895,1128945,37.566295,126.99191
종로3가,3,498060,1130332,37.571607,126.991806
약수,3,502197,1125470,37.55434,127.010655
불광,3,484337,1140982,37.610469,126.929887
연신내,3,482372,1143485,37.619001,126.921008
대곡,3,458007,1147052,37.631626,126.811024
고속터미널,3,500913,1111778,37.50481,127.004943
고속터미널,3,500913,1111778,37.50481,127.004943
양재,3,507387,1106032,37.484147,127.034631
옥수,3,503850,1121910,37.540685,127.017965
도곡,3,512105,1107980,37.490858,127.055381
수서,3,522445,1106977,37.487371,127.10188
충무로,3,498550,1127582,37.561243,126.99428
을지로3가,3,497895,1128945,37.566295,126.99191
홍제,3,487507,1135130,37.589066,126.943736
수서,3,522445,1106977,37.487371,127.10188
경찰병원,3,527245,1109277,37.495918,127.12454
삼송,3,476770,1153035,37.653083,126.895558
화정,3,462986,1147997,37.634592,126.83265
원흥,3,472070,1152435,37.650658,126.872642
지축,3,480805,1151557,37.648048,126.913951
구파발,3,481875,1148452,37.636763,126.918821
연신내,3,482372,1143485,37.619001,126.921008
불광,3,484337,1140982,37.610469,126.929887
녹번,3,485672,1138467,37.600927,126.935756
무악재,3,488910,1133372,37.582299,126.950291
독립문,3,490525,1131175,37.574571,126.957748
경복궁,3,493895,1131520,37.575762,126.97353
안국,3,496540,1131750,37.576477,126.985443
동대입구,3,501022,1127027,37.559052,127.005602
약수,3,502197,1125470,37.55434,127.010655
금호,3,503275,1123820,37.548034,127.015872
옥수,3,503850,1121910,37.540685,127.017965
압구정,3,506121,1117883,37.527072,127.028461
신사,3,504302,1115065,37.516334,127.020114
잠원,3,502340,1113995,37.512759,127.01122
고속터미널,3,500913,1111778,37.50481,127.004943
교대,3,502900,1108655,37.493415,127.01408
남부터미널,3,503497,1106375,37.485013,127.016189
양재,3,507387,1106032,37.484147,127.034631
매봉,3,510257,1106985,37.486947,127.046769
도곡,3,512105,1107980,37.490858,127.055381
대치,3,513907,1108850,37.494612,127.063642
학여울,3,515537,1109537,37.496663,127.070594
대청,3,517440,1108825,37.493514,127.079532
일원,3,518585,1106192,37.483681,127.08439
원당,3,465247,1153090,37.653324,126.843041
대곡,3,458007,1147052,37.631626,126.811024
백석,3,453049,1150265,37.643114,126.78787
마두,3,450765,1152723,37.652206,126.77762
정발산,3,449837,1154790,37.659477,126.773359
주엽,3,447158,1157765,37.670072,126.761334
대화,3,444178,1159423,37.676087,126.747569
오금,3,528137,1111147,37.502162,127.128111
가락시장,3,525992,1108579,37.492522,127.118234
동대문,4,502155,1130180,37.57142,127.009745
동대문역사문화공원,4,501555,1128600,37.565138,127.007896
충무로,4,498550,1127582,37.561243,126.99428
서울,4,493365,1125595,37.554648,126.972559
이촌,4,494107,1116637,37.522272,126.974345
삼각지,4,493970,1120167,37.534777,126.97311
금정,4,487357,1075022,37.372221,126.943429
오이도,4,441955,1072345,37.362357,126.738714
창동,4,510370,1153032,37.653166,127.047731
사당,4,495760,1104005,37.47653,126.981685
노원,4,513622,1153612,37.655128,127.061368
총신대입구(이수),4,495900,1106635,37.486263,126.981989
동작,4,495157,1111287,37.502971,126.979306
동대문역사문화공원,4,501555,1128600,37.565138,127.007896
성신여대입구,4,503476,1136257,37.592624,127.016403
동대문,4,502155,1130180,37.57142,127.009745
충무로,4,498550,1127582,37.561243,126.99428
서울,4,493365,1125595,37.554648,126.972559
동대문역사문화공원,4,501555,1128600,37.565138,127.007896
사당,4,495760,1104005,37.47653,126.981685
당고개,4,517267,1157807,37.670272,127.079066
상계,4,515995,1155000,37.660878,127.073572
노원,4,513622,1153612,37.655128,127.061368
창동,4,510370,1153032,37.653166,127.047731
쌍문,4,507572,1151735,37.648627,127.034709
수유,4,505477,1148677,37.638052,127.025732
미아,4,505667,1145592,37.62667,127.025983
미아사거리,4,506527,1141940,37.613292,127.030053
길음,4,505320,1139202,37.603407,127.025053
성신여대입구,4,503476,1136257,37.592624,127.016403
한성대입구,4,501130,1135052,37.588458,127.006221
혜화,4,500245,1133299,37.582336,127.001844
명동,4,496773,1127452,37.560989,126.986325
회현,4,495072,1126787,37.558514,126.978246
숙대입구,4,493747,1122832,37.54456,126.972106
삼각지,4,493970,1120167,37.534777,126.97311
신용산,4,492830,1118597,37.52917,126.967894
이촌,4,494107,1116637,37.522272,126.974345
동작,4,495157,1111287,37.502971,126.979306
총신대입구(이수),4,495900,1106635,37.486263,126.981989
남태령,4,497392,1100550,37.463873,126.989134
선바위,4,500385,1097110,37.451673,127.002303
경마공원,4,501607,1094842,37.443885,127.007888
대공원,4,501287,1092762,37.435675,127.006523
과천,4,499077,1091800,37.433021,126.996568
정부과천청사,4,497615,1090090,37.426513,126.98978
인덕원,4,494677,1083140,37.401553,126.976715
평촌,4,491940,1081142,37.394287,126.963883
범계,4,488992,1079953,37.389793,126.950806
금정,4,487357,1075022,37.372221,126.943429
산본,4,484987,1071127,37.358101,126.933274
대야미,4,481462,1062700,37.328467,126.917332
반월,4,478522,1058497,37.312212,126.903524
상록수,4,470314,1055852,37.302795,126.866489
한대앞,4,467472,1057792,37.309689,126.85344
중앙,4,464005,1059422,37.315941,126.838573
고잔,4,460565,1059785,37.316777,126.823249
초지,4,456877,1060755,37.320646,126.805913
안산,4,453040,1062570,37.327082,126.788532
신길온천,4,448260,1065560,37.338212,126.765844
정왕,4,442835,1069400,37.351735,126.742989
오이도,4,441955,1072345,37.362357,126.738714
수리산,4,483320,1068927,37.349801,126.925365
종로3가,5,498060,1130332,37.571607,126.991806
오금,5,528137,1111147,37.502162,127.128111
동대문역사문화공원,5,501555,1128600,37.565138,127.007896
왕십리,5,508015,1127512,37.561533,127.037732
까치산,5,466017,1119387,37.531768,126.846683
종로3가,5,498060,1130332,37.571607,126.991806
영등포구청,5,476875,1117441,37.52497,126.895951
신길,5,481420,1115205,37.517122,126.917169
종로3가,5,498060,1130332,37.571607,126.991806
을지로4가,5,499460,1129122,37.566941,126.998079
공덕,5,489187,1122797,37.544018,126.951592
왕십리,5,508015,1127512,37.561533,127.037732
공덕,5,489187,1122797,37.544018,126.951592
천호,5,527042,1121095,37.538397,127.123572
군자,5,517395,1126285,37.557121,127.079542
여의도,5,483100,1116530,37.521624,126.924191
김포공항,5,455957,1127820,37.562434,126.801058
왕십리,5,508015,1127512,37.561533,127.037732
공덕,5,489187,1122797,37.544018,126.951592
충정로,5,491842,1127227,37.559973,126.963672
동대문역사문화공원,5,501555,1128600,37.565138,127.007896
청구,5,502872,1127150,37.560245,127.013828
김포공항,5,455957,1127820,37.562434,126.801058
영등포시장,5,478864,1116799,37.522669,126.905139
상일동,5,536415,1126182,37.556712,127.166417
을지로4가,5,499460,1129122,37.566941,126.998079
동대문역사문화공원,5,501555,1128600,37.565138,127.007896
왕십리,5,508015,1127512,37.561533,127.037732
영등포구청,5,476875,1117441,37.52497,126.895951
충정로,5,491842,1127227,37.559973,126.963672
신길,5,481420,1115205,37.517122,126.917169
방화,5,458487,1132005,37.577446,126.812741
개화산,5,457115,1130677,37.572399,126.806171
김포공항,5,455957,1127820,37.562434,126.801058
송정,5,458327,1127585,37.561184,126.811973
마곡,5,461137,1127285,37.560183,126.825448
발산,5,463930,1126865,37.558598,126.837668
우장산,5,463575,1124075,37.548768,126.836318
화곡,5,464647,1121977,37.541513,126.840461
까치산,5,466017,1119387,37.531768,126.846683
신정,5,467952,1117395,37.524997,126.856191
목동,5,469885,1117862,37.526065,126.864931
오목교,5,472327,1117257,37.524496,126.875181
양평,5,474744,1117620,37.525648,126.885778
여의도,5,483100,1116530,37.521624,126.924191
여의나루,5,485020,1118070,37.527098,126.932901
마포,5,487855,1121387,37.539574,126.945932
공덕,5,489187,1122797,37.544018,126.951592
애오개,5,490233,1125313,37.553736,126.95682
서대문,5,492467,1128777,37.565773,126.966641
광화문,5,494520,1130442,37.571026,126.976669
청구,5,502872,1127150,37.560245,127.013828
신금호,5,504357,1125662,37.554548,127.020331
행당,5,506397,1126405,37.557322,127.029476
마장,5,509362,1128847,37.5661,127.042973
답십리,5,511330,1129032,37.566747,127.052704
장한평,5,513985,1127595,37.56144,127.064623
군자,5,517395,1126285,37.557121,127.079542
아차산,5,519537,1125055,37.551691,127.089761
광나루,5,522710,1123015,37.545303,127.10357
천호,5,527042,1121095,37.538397,127.123572
강동,5,529040,1120490,37.535804,127.132481
길동,5,530777,1121007,37.537801,127.140004
굽은다리,5,531440,1123127,37.545477,127.142853
명일,5,531702,1124652,37.55137,127.143999
고덕,5,533850,1125845,37.555004,127.154151
둔촌동,5,529927,1118215,37.527788,127.136248
올림픽공원,5,528797,1115072,37.516078,127.130848
방이,5,527705,1112922,37.508857,127.126133
오금,5,528137,1111147,37.502162,127.128111
개롱,5,529600,1110007,37.498079,127.13482
거여,5,531620,1108740,37.493105,127.14415
마천,5,533682,1109147,37.49499,127.152781
합정,6,480875,1124362,37.549463,126.913739
공덕,6,489187,1122797,37.544018,126.951592
삼각지,6,493970,1120167,37.534777,126.97311
약수,6,502197,1125470,37.55434,127.010655
신당,6,503765,1128712,37.565972,127.01782
동묘앞,6,503422,1130557,37.572627,127.016429
석계,6,514452,1142315,37.614805,127.065851
불광,6,484337,1140982,37.610469,126.929887
연신내,6,482372,1143485,37.619001,126.921008
공덕,6,489187,1122797,37.544018,126.951592
디지털미디어시티,6,477750,1131825,37.576646,126.900984
공덕,6,489187,1122797,37.544018,126.951592
효창공원앞,6,491425,1121402,37.539261,126.961351
태릉입구,6,516430,1143262,37.617983,127.07512
청구,6,502872,1127150,37.560245,127.013828
보문,6,504065,1134217,37.585286,127.019381
디지털미디어시티,6,477750,1131825,37.576646,126.900984
동묘앞,6,503422,1130557,37.572627,127.016429
신당,6,503765,1128712,37.565972,127.01782
합정,6,480875,1124362,37.549463,126.913739
연신내,6,482372,1143485,37.619001,126.921008
불광,6,484337,1140982,37.610469,126.929887
약수,6,502197,1125470,37.55434,127.010655
삼각지,6,493970,1120167,37.534777,126.97311
석계,6,514452,1142315,37.614805,127.065851
공덕,6,489187,1122797,37.544018,126.951592
청구,6,502872,1127150,37.560245,127.013828
응암,6,481137,1137787,37.598605,126.915577
역촌,6,482885,1139980,37.606021,126.922744
독바위,6,485010,1143355,37.618456,126.933031
구산,6,481445,1141345,37.611377,126.91727
새절,6,480680,1135812,37.591148,126.913629
증산,6,479815,1133702,37.583876,126.909645
디지털미디어시티,6,477750,1131825,37.576646,126.900984
월드컵경기장,6,477497,1129932,37.569532,126.899298
마포구청,6,478397,1128185,37.563515,126.903343
망원,6,479897,1125917,37.556094,126.910052
상수,6,482785,1123665,37.547716,126.922852
광흥창,6,484776,1123677,37.547456,126.931993
대흥,6,487020,1123710,37.547771,126.942069
효창공원앞,6,491425,1121402,37.539261,126.961351
녹사평,6,496899,1120133,37.534675,126.986695
이태원,6,498620,1120045,37.534488,126.994302
한강진,6,500155,1121477,37.539631,127.001725
버티고개,6,501220,1123845,37.548013,127.007055
창신,6,503160,1132590,37.579661,127.015241
보문,6,504065,1134217,37.585286,127.019381
안암,6,506240,1134387,37.586272,127.029005
고려대,6,507807,1135480,37.590508,127.036296
월곡,6,508970,1138772,37.601948,127.041518
상월곡,6,510502,1140015,37.606377,127.048491
돌곶이,6,512415,1141217,37.610537,127.056431
태릉입구,6,516430,1143262,37.617983,127.07512
화랑대,6,518457,1143835,37.620064,127.084689
봉화산,6,520005,1143042,37.617283,127.091401
상봉,7,518665,1137145,37.596362,127.085032
도봉산,7,510065,1163090,37.689313,127.046222
상봉,7,518665,1137145,37.596362,127.085032
노원,7,513622,1153612,37.655128,127.061368
군자,7,517395,1126285,37.557121,127.079542
건대입구,7,515365,1121815,37.540693,127.07023
고속터미널,7,500913,1111778,37.50481,127.004943
총신대입구(이수),7,495900,1106635,37.486263,126.981989
대림,7,476705,1108675,37.49297,126.895801
가산디지털단지,7,473861,1105307,37.481072,126.882343
온수,7,460825,1108360,37.492258,126.823388
부평구청,7,438020,1112972,37.508336,126.720548
고속터미널,7,500913,1111778,37.50481,127.004943
강남구청,7,508965,1115207,37.517186,127.04128
태릉입구,7,516430,1143262,37.617983,127.07512
공릉,7,515927,1145312,37.625742,127.072896
상도,7,488362,1111262,37.502834,126.94791
건대입구,7,515365,1121815,37.540693,127.07023
대림,7,476705,1108675,37.49297,126.895801
고속터미널,7,500913,1111778,37.50481,127.004943
노원,7,513622,1153612,37.655128,127.061368
총신대입구(이수),7,495900,1106635,37.486263,126.981989
가산디지털단지,7,473861,1105307,37.481072,126.882343
온수,7,460825,1108360,37.492258,126.823388
도봉산,7,510065,1163090,37.689313,127.046222
군자,7,517395,1126285,37.557121,127.079542
태릉입구,7,516430,1143262,37.617983,127.07512
장암,7,511532,1165895,37.700109,127.053196
수락산,7,512022,1159800,37.67785,127.055315
마들,7,512587,1156285,37.66494,127.057675
중계,7,514005,1150745,37.644583,127.064303
하계,7,514942,1148310,37.636352,127.06799
먹골,7,516982,1141245,37.610637,127.077725
중화,7,517345,1138885,37.602545,127.079264
상봉,7,518665,1137145,37.596362,127.085032
면목,7,519095,1135127,37.588579,127.087503
사가정,7,519355,1132955,37.580894,127.088478
용마산,7,519027,1131010,37.573647,127.086727
중곡,7,518432,1128785,37.565923,127.08432
어린이대공원,7,516326,1123811,37.548014,127.074658
뚝섬유원지,7,514630,1119362,37.53154,127.066704
청담,7,511695,1115877,37.519365,127.05335
강남구청,7,508965,1115207,37.517186,127.04128
학동,7,506875,1114372,37.514229,127.031656
논현,7,504607,1113585,37.511093,127.021415
반포,7,502410,1112792,37.508178,127.011727
내방,7,498380,1107067,37.487618,126.993513
남성,7,493425,1106212,37.484596,126.971251
숭실대입구,7,489665,1109427,37.496029,126.953822
장승배기,7,486295,1111810,37.504898,126.93915
신대방삼거리,7,483905,1110495,37.499701,126.928276
보라매,7,482252,1110542,37.499872,126.920428
신풍,7,479802,1110590,37.50008,126.90993
남구로,7,474900,1106587,37.486056,126.887249
철산,7,470762,1103950,37.47605,126.867911
광명사거리,7,467782,1104757,37.479252,126.854876
천왕,7,464220,1106935,37.486637,126.838713
까치울,7,458020,1112272,37.506207,126.810939
부천종합운동장,7,455120,1111972,37.50538,126.797337
춘의,7,452720,1111572,37.503663,126.787036
신중동,7,450320,1111472,37.503048,126.77596
부천시청,7,447620,1111872,37.504631,126.763538
상동,7,445320,1112172,37.505781,126.753083
삼산체육관,7,442720,1112472,37.506411,126.742153
굴포천,7,440720,1112472,37.506997,126.73128
부평구청,7,438020,1112972,37.508336,126.720548
가락시장,8,525992,1108579,37.492522,127.118234
천호,8,527042,1121095,37.538397,127.123572
잠실,8,522390,1114282,37.51395,127.102234
복정,8,527842,1102047,37.470047,127.126662
모란,8,528402,1091947,37.43213,127.129087
잠실,8,522390,1114282,37.51395,127.102234
복정,8,527842,1102047,37.470047,127.126662
모란,8,528402,1091947,37.43213,127.129087
천호,8,527042,1121095,37.538397,127.123572
암사,8,528032,1124410,37.55021,127.127562
강동구청,8,526464,1118973,37.530341,127.120508
몽촌토성,8,524665,1115335,37.517409,127.112359
석촌,8,523577,1112057,37.505431,127.106979
송파,8,524542,1110377,37.499703,127.112183
가락시장,8,525992,1108579,37.492522,127.118234
문정,8,526900,1106552,37.485855,127.1225
장지,8,527750,1104572,37.478703,127.126191
산성,8,532892,1098445,37.457122,127.149908
남한산성입구,8,535225,1097102,37.451535,127.159816
단대오거리,8,534430,1095327,37.44521,127.156866
신흥,8,532420,1094155,37.440918,127.147564
수진,8,530897,1093162,37.437428,127.140722
선정릉,9,509542,1113380,37.51098,127.043593
종합운동장,9,516222,1113652,37.510997,127.073642
고속터미널,9,500913,1111778,37.50481,127.004943
당산,9,478290,1120184,37.53438,126.902281
여의도,9,483100,1116530,37.521624,126.924191
동작,9,495157,1111287,37.502971,126.979306
고속터미널,9,500913,1111778,37.50481,127.004943
김포공항,9,455957,1127820,37.562434,126.801058
김포공항,9,455957,1127820,37.562434,126.801058
종합운동장,9,516222,1113652,37.510997,127.073642
당산,9,478290,1120184,37.53438,126.902281
고속터미널,9,500913,1111778,37.50481,127.004943
동작,9,495157,1111287,37.502971,126.979306
노량진,9,487327,1114430,37.514219,126.942454
선정릉,9,509542,1113380,37.51098,127.043593
김포공항,9,455957,1127820,37.562434,126.801058
여의도,9,483100,1116530,37.521624,126.924191
개화,9,455020,1132300,37.578608,126.798153
공항시장,9,458100,1128200,37.563726,126.810678
신방화,9,459400,1129200,37.567532,126.816601
마곡나루,9,461700,1129100,37.567336,126.829497
양천향교,9,464880,1129370,37.568381,126.841333
가양,9,467700,1127500,37.561391,126.854456
증미,9,469000,1126600,37.557402,126.861939
등촌,9,470000,1124700,37.550632,126.865689
염창,9,472150,1123550,37.546936,126.874916
신목동,9,474030,1122700,37.544277,126.88308
선유도,9,476232,1121000,37.53802,126.893525
국회의사당,9,481632,1118278,37.528105,126.917874
샛강,9,483932,1115178,37.517274,126.928422
노들,9,489532,1114078,37.512887,126.953222
흑석,9,491832,1112978,37.50877,126.963708
구반포,9,497032,1110978,37.501364,126.987332
신반포,9,499032,1111478,37.503415,126.995925
사평,9,503232,1111740,37.504206,127.015259
신논현,9,505392,1111790,37.504598,127.02506
언주,9,507392,1112490,37.507287,127.033868
삼성중앙,9,511392,1113890,37.513011,127.053282
봉은사,9,513192,1114390,37.514219,127.060245
서울,A,493365,1125595,37.554648,126.972559
홍대입구,A,483315,1126247,37.557192,126.925381
공덕,A,489187,1122797,37.544018,126.951592
공덕,A,489187,1122797,37.544018,126.951592
디지털미디어시티,A,477750,1131825,37.576646,126.900984
김포공항,A,455957,1127820,37.562434,126.801058
공덕,A,489187,1122797,37.544018,126.951592
검암,A,427682,1129830,37.569104,126.673728
김포공항,A,455957,1127820,37.562434,126.801058
계양,A,441522,1130440,37.571462,126.735637
홍대입구,A,483315,1126247,37.557192,126.925381
디지털미디어시티,A,477750,1131825,37.576646,126.900984
서울,A,493365,1125595,37.554648,126.972559
홍대입구,A,483315,1126247,37.557192,126.925381
김포공항,A,455957,1127820,37.562434,126.801058
공덕,A,489187,1122797,37.544018,126.951592
디지털미디어시티,A,477750,1131825,37.576646,126.900984
계양,A,441522,1130440,37.571462,126.735637
검암,A,427682,1129830,37.569104,126.673728
청라국제도시,A,416682,1126230,37.555878,126.625327
운서,A,387922,1108780,37.492904,126.49379
공항화물청사,A,384282,1099430,37.458366,126.476241
인천국제공항,A,378682,1096230,37.447464,126.452508
영종,A,387922,1108780,37.511466,126.5237
왕십리,B,508015,1127512,37.561533,127.037732
왕십리,B,508015,1127512,37.561533,127.037732
수원,B,499747,1045517,37.265974,126.999874
이매,B,528285,1081810,37.396104,127.12827
선정릉,B,509542,1113380,37.51098,127.043593
복정,B,527842,1102047,37.470047,127.126662
모란,B,528402,1091947,37.43213,127.129087
정자,B,523707,1073515,37.36706,127.108105
왕십리,B,508015,1127512,37.561533,127.037732
강남구청,B,508965,1115207,37.517186,127.04128
선릉,B,510742,1111880,37.504503,127.049008
기흥,B,525500,1048200,37.275619,127.115936
도곡,B,512105,1107980,37.490858,127.055381
수서,B,522445,1106977,37.487371,127.10188
한티,B,511526,1109471,37.496237,127.052873
구룡,B,512907,1106947,37.486839,127.058856
수서,B,522445,1106977,37.487371,127.10188
야탑,B,528336,1086000,37.411185,127.128715
구성,B,523000,1054700,37.298969,127.105664
왕십리,B,508015,1127512,37.561533,127.037732
선릉,B,510742,1111880,37.504503,127.049008
도곡,B,512105,1107980,37.490858,127.055381
개포동,B,514487,1107365,37.489116,127.06614
대모산입구,B,515977,1108135,37.491373,127.07272
복정,B,527842,1102047,37.470047,127.126662
수원,B,499747,1045517,37.265974,126.999874
서울숲,B,509642,1122580,37.543617,127.044707
압구정로데오,B,508842,1118080,37.527381,127.040534
선정릉,B,509542,1113380,37.51098,127.043593
가천대,B,527950,1096310,37.448605,127.126697
태평,B,528172,1093737,37.440019,127.127709
모란,B,528402,1091947,37.43213,127.129087
서현,B,527192,1078555,37.385126,127.123592
수내,B,525145,1076772,37.378455,127.114322
정자,B,523707,1073515,37.36706,127.108105
미금,B,523957,1068933,37.350077,127.10891
오리,B,524013,1065930,37.339824,127.108942
이매,B,528285,1081810,37.396104,127.12827
보정,B,523768,1058578,37.312752,127.108196
죽전,B,523610,1061899,37.324753,127.107395
신갈,B,524500,1051200,37.286102,127.111313
기흥,B,525500,1048200,37.275619,127.115936
상갈,B,524100,1044500,37.26181,127.108847
청명,B,517500,1043900,37.259489,127.078934
영통,B,515700,1041600,37.251568,127.071394
망포,B,512500,1040000,37.245795,127.057353
매탄권선,B,508800,1042000,37.252759,127.040566
수원시청,B,506500,1044700,37.261911,127.030736
매교,B,503400,1045300,37.265481,127.015678
강남구청,B,508965,1115207,37.517186,127.04128
기흥,E,525500,1048200,37.275619,127.115936
기흥,E,525500,1048200,37.275619,127.115936
김량장,E,543900,1037700,37.237247,127.198781
운동장?송담대,E,546300,1037800,37.237845,127.209198
고진,E,547400,1039700,37.24484,127.214251
보평,E,548400,1043700,37.258965,127.218457
둔전,E,547400,1045900,37.267051,127.21364
전대?에버랜드,E,548800,1051000,37.285342,127.219561
강남대,E,527800,1046600,37.270161,127.126033
지석,E,530200,1046500,37.269606,127.136515
어정,E,531700,1048000,37.274917,127.143714
동백,E,533700,1046500,37.269043,127.152716
초당,E,535500,1044100,37.260752,127.159443
삼가,E,537300,1039000,37.242115,127.168075
시청?용인대,E,539500,1038300,37.239151,127.178406
명지대,E,542100,1037900,37.237964,127.190294
광운대,G,513467,1144785,37.623632,127.061835
상봉,G,518665,1137145,37.596362,127.085032
망우,G,520227,1138095,37.59955,127.091909
회기,G,512662,1135362,37.58946,127.057583
상봉,G,518665,1137145,37.596362,127.085032
청량리,G,510002,1132640,37.580178,127.046835
회기,G,512662,1135362,37.58946,127.057583
중랑,G,516572,1136827,37.594917,127.076116
청량리,G,510002,1132640,37.580178,127.046835
청량리,G,510002,1132640,37.580178,127.046835
김유정,G,657027,1199465,37.818466,127.71434
남춘천,G,659057,1212015,37.864007,127.723792
회기,G,512662,1135362,37.58946,127.057583
광운대,G,513467,1144785,37.623632,127.061835
중랑,G,516572,1136827,37.594917,127.076116
망우,G,520227,1138095,37.59955,127.091909
신내,G,522627,1141915,37.612887,127.103218
갈매,G,525127,1147615,37.634118,127.114757
별내,G,528027,1149915,37.64202,127.12684
퇴계원,G,531627,1151565,37.648311,127.143952
사릉,G,538877,1152465,37.65108,127.176933
금곡,G,545627,1148565,37.637382,127.207853
평내호평,G,553727,1153065,37.653225,127.244493
천마산,G,563227,1154365,37.658978,127.285379
마석,G,568527,1153065,37.652782,127.311767
대성리,G,583557,1161685,37.684071,127.379319
청평,G,593827,1175965,37.735488,127.42661
상천,G,599927,1185665,37.770246,127.454821
가평,G,612227,1198065,37.814536,127.510739
굴봉산,G,622627,1202925,37.832067,127.557695
백양리,G,629627,1202665,37.830779,127.58933
강촌,G,639467,1195735,37.805723,127.634146
춘천,G,657427,1217865,37.885054,127.717023
상봉,G,518665,1137145,37.596362,127.085032
원인재,I,430747,1086298,37.412603,126.687389
부평구청,I,438020,1112972,37.508336,126.720548
부평,I,438837,1107772,37.489493,126.724805
인천시청,I,433955,1098822,37.457405,126.702221
계양,I,441522,1130440,37.571462,126.735637
박촌,I,443555,1125427,37.553703,126.745077
센트럴파크,I,419000,1081040,37.393054,126.634729
국제업무지구,I,418000,1082740,37.399907,126.630347
부평,I,438837,1107772,37.489493,126.724805
계양,I,441522,1130440,37.571462,126.735637
귤현,I,442922,1128840,37.566379,126.742654
임학,I,442125,1123022,37.545059,126.738665
계산,I,439762,1122675,37.543238,126.728128
경인교대입구,I,438555,1121145,37.538157,126.722597
작전,I,438570,1119005,37.530415,126.722527
갈산,I,438274,1115301,37.517268,126.721514
부평구청,I,438020,1112972,37.508336,126.720548
부평시장,I,438337,1110062,37.498383,126.722244
동수,I,437695,1106492,37.485312,126.718247
부평삼거리,I,435765,1104420,37.477679,126.710208
간석오거리,I,435212,1101395,37.467048,126.707938
인천시청,I,433955,1098822,37.457405,126.702221
예술회관,I,433617,1096297,37.449396,126.701012
인천터미널,I,433307,1094520,37.442383,126.699706
문학경기장,I,433030,1092422,37.434935,126.698579
선학,I,433222,1090365,37.426684,126.698863
신연수,I,432092,1087825,37.41804,126.693863
원인재,I,430747,1086298,37.412603,126.687389
동춘,I,429241,1084081,37.404737,126.681015
동막,I,427474,1082340,37.397878,126.674005
캠퍼스타운,I,425000,1079640,37.387855,126.661673
테크노파크,I,423720,1077970,37.382268,126.656365
지식정보단지,I,421500,1076640,37.378384,126.645168
인천대입구,I,420000,1079040,37.386007,126.639484
검암,I2,427682,1129830,37.569104,126.673728
주안,I2,429187,1100850,37.464941,126.679923
인천시청,I2,433955,1098822,37.457405,126.702221
완정,I2,,,37.592928,126.673203
석바위시장,I2,,,37.457611,126.692575
주안,I2,429187,1100850,37.464941,126.679923
인천시청,I2,433955,1098822,37.457405,126.702221
검단오류,I2,,,37.594877,126.627178
왕길,I2,,,37.59518,126.642696
검단사거리,I2,,,37.60185,126.657108
마전,I2,,,37.597566,126.666998
독정,I2,,,37.585212,126.675844
검바위,I2,,,37.561405,126.677566
아시아드경기장,I2,,,37.5517,126.677122
서구청,I2,,,37.543742,126.676787
가정,I2,,,37.524649,126.675539
가정중앙시장,I2,,,37.517054,126.676672
석남,I2,,,37.506193,126.676203
서부여성회관,I2,,,37.506193,126.676203
인천가좌,I2,,,37.4897,126.675208
가재울,I2,,,37.484192,126.683673
주안국가산단,I2,,,37.473703,126.68113
시민공원,I2,,,37.458335,126.681192
석천사거리,I2,,,37.456805,126.709986
모래내시장,I2,,,37.45583,126.719298
만수,I2,,,37.454911,126.732094
남동구청,I2,,,37.448161,126.736939
인천대공원,I2,,,37.448769,126.752618
운연,I2,,,37.440127,126.75997
검암,I2,427682,1129830,37.569104,126.673728
이촌,K,494107,1116637,37.522272,126.974345
왕십리,K,508015,1127512,37.561533,127.037732
홍대입구,K,483315,1126247,37.557192,126.925381
상봉,K,518665,1137145,37.596362,127.085032
망우,K,520227,1138095,37.59955,127.091909
공덕,K,489187,1122797,37.544018,126.951592
왕십리,K,508015,1127512,37.561533,127.037732
회기,K,512662,1135362,37.58946,127.057583
상봉,K,518665,1137145,37.596362,127.085032
대곡,K,458007,1147052,37.631626,126.811024
공덕,K,489187,1122797,37.544018,126.951592
디지털미디어시티,K,477750,1131825,37.576646,126.900984
왕십리,K,508015,1127512,37.561533,127.037732
공덕,K,489187,1122797,37.544018,126.951592
효창공원앞,K,491425,1121402,37.539261,126.961351
청량리,K,510002,1132640,37.580178,127.046835
회기,K,512662,1135362,37.58946,127.057583
중랑,K,516572,1136827,37.594917,127.076116
옥수,K,503850,1121910,37.540685,127.017965
청량리,K,510002,1132640,37.580178,127.046835
홍대입구,K,483315,1126247,37.557192,126.925381
용산,K,491977,1118732,37.529849,126.964561
디지털미디어시티,K,477750,1131825,37.576646,126.900984
청량리,K,510002,1132640,37.580178,127.046835
용산,K,491977,1118732,37.529849,126.964561
강매,K,465720,1141779,37.612314,126.843223
지평,K,,,,
왕십리,K,508015,1127512,37.561533,127.037732
홍대입구,K,483315,1126247,37.557192,126.925381
옥수,K,503850,1121910,37.540685,127.017965
이촌,K,494107,1116637,37.522272,126.974345
서빙고,K,497257,1115882,37.519594,126.988537
한남,K,501750,1118657,37.52943,127.009169
응봉,K,507432,1124352,37.549946,127.034538
회기,K,512662,1135362,37.58946,127.057583
중랑,K,516572,1136827,37.594917,127.076116
망우,K,520227,1138095,37.59955,127.091909
양원,K,523632,1140087,37.606596,127.107906
구리,K,531520,1139097,37.603392,127.143869
도농,K,535400,1140587,37.608806,127.161153
양정,K,542752,1139387,37.60533,127.19364
덕소,K,545892,1134737,37.586781,127.208832
도심,K,548956,1132632,37.579622,127.222672
팔당,K,553656,1123632,37.547371,127.243939
운길산,K,568456,1125732,37.554669,127.310115
양수,K,572506,1123332,37.545981,127.329098
신원,K,582256,1117732,37.525545,127.372921
국수,K,587806,1115232,37.516169,127.399367
아신,K,597856,1114532,37.51382,127.443173
오빈,K,604526,1112452,37.506062,127.473868
양평(경의중앙선),K,608646,1108692,37.492832,127.491814
원덕,K,620686,1102132,37.468672,127.547076
용문,K,631106,1105832,37.48223,127.594647
서울(경의중앙선),K,493365,1125595,37.556328,126.969522
신촌(경의중앙선),K,487020,1127079,37.559783,126.942319
서강대,K,485615,1124847,37.551881,126.935711
가좌,K,480980,1129579,37.568491,126.915487
수색,K,476820,1133079,37.580842,126.895611
화전,K,470720,1139079,37.602888,126.868387
행신,K,463270,1141629,37.612102,126.834146
능곡,K,460120,1143579,37.618808,126.820783
곡산,K,456120,1150979,37.645676,126.801762
백마,K,454620,1154279,37.658239,126.794461
풍산,K,452620,1158279,37.672346,126.786243
일산,K,449020,1161080,37.682077,126.769846
탄현,K,447100,1164280,37.694023,126.761086
야당,K,,,37.712327,126.761356
운정,K,448520,1173280,37.725826,126.767257
금릉,K,448220,1180380,37.751322,126.765347
금촌,K,450120,1184280,37.766217,126.774644
월롱,K,454200,1192580,37.796188,126.792587
파주,K,454200,1197940,37.815298,126.792783
문산,K,453250,1208880,37.854619,126.788047
대곡,K,458007,1147052,37.631626,126.811024
공덕,K,489187,1122797,37.544018,126.951592
디지털미디어시티,K,477750,1131825,37.576646,126.900984
효창공원앞,K,491425,1121402,37.539261,126.961351
상봉,K,518665,1137145,37.596362,127.085032
판교,KK,524500,1081300,37.394761,127.111217
이매,KK,528285,1081810,37.396104,127.12827
삼동,KK,,,37.409522,127.20336
경기광주,KK,,,37.399907,127.25263
초월,KK,,,37.374419,127.299
곤지암,KK,,,37.351315,127.34674
신둔도예촌,KK,,,37.317185,127.40476
이천,KK,,,37.265579,127.44226
부발,KK,,,37.260192,127.490277
세종대왕릉,KK,,,37.295309,127.570938
여주,KK,,,,
이매,KK,528285,1081810,37.396104,127.12827
판교,KK,524500,1081300,37.394761,127.111217
판교,S,524500,1081300,37.394761,127.111217
강남,S,506032,1109640,37.497175,127.027926
양재,S,507387,1106032,37.484147,127.034631
정자,S,523707,1073515,37.36706,127.108105
청계산입구,S,511857,1096100,37.447211,127.055664
강남,S,506032,1109640,37.497175,127.027926
양재,S,507387,1106032,37.484147,127.034631
정자,S,523707,1073515,37.36706,127.108105
양재시민의숲,S,508350,1102150,37.470023,127.03842
판교,S,524500,1081300,37.394761,127.111217
동천,S,,,37.337928,127.102976
수지구청,S,,,37.322702,127.095026
성복,S,,,37.313335,127.0801
상현,S,,,37.297664,127.069342
광교중앙,S,,,37.288617,127.051478
광교,S,,,37.30211,127.044483
원인재,SU,430747,1086298,37.412603,126.687389
오이도,SU,441955,1072345,37.362357,126.738714
인천,SU,415080,1103977,37.476691,126.616936
인하대,SU,424155,1090745,37.448493,126.649619
숭의,SU,,,37.460789,126.638297
달월,SU,443455,1077245,37.379681,126.745177
오이도,SU,441955,1072345,37.362357,126.738714
인천,SU,415080,1103977,37.476691,126.616936
월곶,SU,442655,1080745,37.391769,126.742699
소래포구,SU,440955,1083045,37.40095,126.733522
인천논현,SU,438355,1083045,37.400614,126.722478
호구포,SU,435255,1083345,37.401637,126.708627
남동인더스파크,SU,432555,1084945,37.407722,126.695216
연수,SU,428755,1087845,37.417804,126.67894
송도,SU,424155,1090745,37.428514,126.657772
신포,SU,,,37.46874,126.623853
원인재,SU,430747,1086298,37.412603,126.687389
회룡,U,510190,1172670,37.724846,127.046895
탑석,U,519500,1175280,37.733579,127.088704
회룡,U,510190,1172670,37.724846,127.046895
발곡,U,511590,1173570,37.727048,127.052803
범골,U,509590,1174070,37.728755,127.04353
경전철의정부,U,509590,1176320,37.737202,127.043257
의정부시청,U,507590,1176820,37.739256,127.034781
흥선,U,508090,1177950,37.743302,127.037023
의정부중앙,U,510990,1178050,37.743676,127.049565
동오,U,512490,1178550,37.745271,127.056947
새말,U,513990,1179480,37.748885,127.06362
경기도청북부청사,U,515700,1180050,37.75059,127.071495
효자,U,517000,1180930,37.754025,127.076902
곤제,U,518200,1179980,37.750471,127.083715
어룡,U,518600,1177780,37.742802,127.085035
송산,U,519100,1176280,37.737279,127.087159
신설동,UI,505342,1131412,37.575297,127.025087
성신여대입구,UI,503476,1136257,37.592624,127.016403
보문,UI,504065,1134217,37.585286,127.019381
신설동,UI,505342,1131412,37.575297,127.025087
신설동,UI,505342,1131412,37.575297,127.025087
419민주묘지,UI,,,,
가오리,UI,,,,
화계,UI,,,,
북한산우이,UI,,,,
성신여대입구,UI,503476,1136257,37.592624,127.016403
보문,UI,504065,1134217,37.585286,127.019381
솔밭공원,UI,,,,
삼양,UI,,,,
삼양사거리,UI,,,,
솔샘,UI,,,,
북한산보국문,UI,,,,
정릉,UI,,,,
